Country,ISO Code,Year,Clean Energy (%)
Austria,AUT,1990,66.25
Austria,AUT,1991,65.09
Austria,AUT,1992,72.48
Austria,AUT,1993,74.16
Austria,AUT,1994,71.03
Austria,AUT,1995,70.68
Austria,AUT,1996,66.96
Austria,AUT,1997,68.03
Austria,AUT,1998,69.92
Austria,AUT,1999,70.91
Austria,AUT,2000,72.84
Austria,AUT,2001,69.27
Austria,AUT,2002,69.11
Austria,AUT,2003,60.79
Austria,AUT,2004,64.06
Austria,AUT,2005,63.51
Austria,AUT,2006,65.36
Austria,AUT,2007,68.71
Austria,AUT,2008,69.17
Austria,AUT,2009,71.26
Austria,AUT,2010,66.34
Austria,AUT,2011,65.77
Austria,AUT,2012,74.77
Austria,AUT,2013,78.23
Austria,AUT,2014,81.56
Austria,AUT,2015,77.03
Austria,AUT,2016,78.74
Austria,AUT,2017,76.09
Austria,AUT,2018,77.41
Austria,AUT,2019,77.3
Austria,AUT,2020,80.27
Austria,AUT,2021,79.11
Austria,AUT,2022,78.18
Austria,AUT,2023,84.82
Austria,AUT,2024,86.28
Belgium,BEL,1990,61.57
Belgium,BEL,1991,60.96
Belgium,BEL,1992,61.72
Belgium,BEL,1993,60.56
Belgium,BEL,1994,57.79
Belgium,BEL,1995,57.17
Belgium,BEL,1996,58.42
Belgium,BEL,1997,61.65
Belgium,BEL,1998,57.17
Belgium,BEL,1999,59.82
Belgium,BEL,2000,59.44
Belgium,BEL,2001,60.32
Belgium,BEL,2002,59.92
Belgium,BEL,2003,58.13
Belgium,BEL,2004,58.87
Belgium,BEL,2005,58.91
Belgium,BEL,2006,59.53
Belgium,BEL,2007,59.58
Belgium,BEL,2008,60.19
Belgium,BEL,2009,58.67
Belgium,BEL,2010,58.58
Belgium,BEL,2011,63.38
Belgium,BEL,2012,62.32
Belgium,BEL,2013,66.33
Belgium,BEL,2014,64.48
Belgium,BEL,2015,59.24
Belgium,BEL,2016,68.52
Belgium,BEL,2017,68.0
Belgium,BEL,2018,61.95
Belgium,BEL,2019,67.94
Belgium,BEL,2020,65.56
Belgium,BEL,2021,73.52
Belgium,BEL,2022,72.42
Belgium,BEL,2023,73.54
Belgium,BEL,2024,76.35
Bosnia Herzegovina,BIH,2000,48.8
Bosnia Herzegovina,BIH,2001,48.73
Bosnia Herzegovina,BIH,2002,48.84
Bosnia Herzegovina,BIH,2003,39.93
Bosnia Herzegovina,BIH,2004,46.98
Bosnia Herzegovina,BIH,2005,47.62
Bosnia Herzegovina,BIH,2006,43.94
Bosnia Herzegovina,BIH,2007,33.87
Bosnia Herzegovina,BIH,2008,33.2
Bosnia Herzegovina,BIH,2009,40.31
Bosnia Herzegovina,BIH,2010,47.43
Bosnia Herzegovina,BIH,2011,29.13
Bosnia Herzegovina,BIH,2012,30.05
Bosnia Herzegovina,BIH,2013,41.97
Bosnia Herzegovina,BIH,2014,34.88
Bosnia Herzegovina,BIH,2015,33.78
Bosnia Herzegovina,BIH,2016,31.68
Bosnia Herzegovina,BIH,2017,23.52
Bosnia Herzegovina,BIH,2018,34.35
Bosnia Herzegovina,BIH,2019,36.68
Bosnia Herzegovina,BIH,2020,29.18
Bosnia Herzegovina,BIH,2021,39.0
Bosnia Herzegovina,BIH,2022,32.05
Bosnia Herzegovina,BIH,2023,39.18
Bosnia Herzegovina,BIH,2024,36.48
Bulgaria,BGR,1990,38.88
Bulgaria,BGR,1991,37.97
Bulgaria,BGR,1992,37.95
Bulgaria,BGR,1993,41.65
Bulgaria,BGR,1994,43.81
Bulgaria,BGR,1995,46.65
Bulgaria,BGR,1996,49.13
Bulgaria,BGR,1997,48.07
Bulgaria,BGR,1998,48.21
Bulgaria,BGR,1999,48.88
Bulgaria,BGR,2000,51.27
Bulgaria,BGR,2001,48.8
Bulgaria,BGR,2002,53.09
Bulgaria,BGR,2003,47.94
Bulgaria,BGR,2004,48.26
Bulgaria,BGR,2005,52.29
Bulgaria,BGR,2006,52.2
Bulgaria,BGR,2007,40.92
Bulgaria,BGR,2008,42.03
Bulgaria,BGR,2009,44.76
Bulgaria,BGR,2010,45.74
Bulgaria,BGR,2011,40.43
Bulgaria,BGR,2012,45.26
Bulgaria,BGR,2013,49.0
Bulgaria,BGR,2014,49.57
Bulgaria,BGR,2015,49.54
Bulgaria,BGR,2016,51.25
Bulgaria,BGR,2017,48.35
Bulgaria,BGR,2018,54.85
Bulgaria,BGR,2019,55.01
Bulgaria,BGR,2020,60.04
Bulgaria,BGR,2021,56.76
Bulgaria,BGR,2022,51.89
Bulgaria,BGR,2023,65.42
Bulgaria,BGR,2024,71.15
Croatia,HRV,1990,44.61
Croatia,HRV,1991,64.57
Croatia,HRV,1992,48.99
Croatia,HRV,1993,47.9
Croatia,HRV,1994,62.24
Croatia,HRV,1995,61.58
Croatia,HRV,1996,70.65
Croatia,HRV,1997,57.3
Croatia,HRV,1998,52.71
Croatia,HRV,1999,56.64
Croatia,HRV,2000,57.54
Croatia,HRV,2001,56.31
Croatia,HRV,2002,46.1
Croatia,HRV,2003,41.49
Croatia,HRV,2004,55.01
Croatia,HRV,2005,54.1
Croatia,HRV,2006,51.51
Croatia,HRV,2007,37.8
Croatia,HRV,2008,45.7
Croatia,HRV,2009,56.03
Croatia,HRV,2010,62.88
Croatia,HRV,2011,47.02
Croatia,HRV,2012,49.76
Croatia,HRV,2013,66.57
Croatia,HRV,2014,74.01
Croatia,HRV,2015,66.9
Croatia,HRV,2016,66.35
Croatia,HRV,2017,60.49
Croatia,HRV,2018,72.34
Croatia,HRV,2019,66.01
Croatia,HRV,2020,64.63
Croatia,HRV,2021,69.69
Croatia,HRV,2022,63.48
Croatia,HRV,2023,69.76
Croatia,HRV,2024,73.15
Cyprus,CYP,1990,0.0
Cyprus,CYP,1991,0.0
Cyprus,CYP,1992,0.0
Cyprus,CYP,1993,0.0
Cyprus,CYP,1994,0.0
Cyprus,CYP,1995,0.0
Cyprus,CYP,1996,0.0
Cyprus,CYP,1997,0.0
Cyprus,CYP,1998,0.0
Cyprus,CYP,1999,0.0
Cyprus,CYP,2000,0.0
Cyprus,CYP,2001,0.0
Cyprus,CYP,2002,0.0
Cyprus,CYP,2003,0.0
Cyprus,CYP,2004,0.0
Cyprus,CYP,2005,0.0
Cyprus,CYP,2006,0.0
Cyprus,CYP,2007,0.0
Cyprus,CYP,2008,0.2
Cyprus,CYP,2009,0.58
Cyprus,CYP,2010,1.5
Cyprus,CYP,2011,3.46
Cyprus,CYP,2012,5.51
Cyprus,CYP,2013,7.69
Cyprus,CYP,2014,7.14
Cyprus,CYP,2015,8.81
Cyprus,CYP,2016,8.79
Cyprus,CYP,2017,8.6
Cyprus,CYP,2018,9.49
Cyprus,CYP,2019,10.1
Cyprus,CYP,2020,12.37
Cyprus,CYP,2021,15.23
Cyprus,CYP,2022,16.73
Cyprus,CYP,2023,20.15
Cyprus,CYP,2024,4.4
Czechia,CZE,1990,22.08
Czechia,CZE,1991,21.92
Czechia,CZE,1992,23.12
Czechia,CZE,1993,24.13
Czechia,CZE,1994,25.27
Czechia,CZE,1995,24.17
Czechia,CZE,1996,23.67
Czechia,CZE,1997,22.86
Czechia,CZE,1998,23.48
Czechia,CZE,1999,24.5
Czechia,CZE,2000,21.77
Czechia,CZE,2001,23.34
Czechia,CZE,2002,28.59
Czechia,CZE,2003,33.51
Czechia,CZE,2004,34.69
Czechia,CZE,2005,34.0
Czechia,CZE,2006,35.35
Czechia,CZE,2007,33.71
Czechia,CZE,2008,36.35
Czechia,CZE,2009,39.04
Czechia,CZE,2010,39.79
Czechia,CZE,2011,41.0
Czechia,CZE,2012,44.34
Czechia,CZE,2013,46.62
Czechia,CZE,2014,46.48
Czechia,CZE,2015,43.94
Czechia,CZE,2016,40.84
Czechia,CZE,2017,44.27
Czechia,CZE,2018,45.31
Czechia,CZE,2019,47.03
Czechia,CZE,2020,50.41
Czechia,CZE,2021,49.45
Czechia,CZE,2022,49.91
Czechia,CZE,2023,54.82
Czechia,CZE,2024,57.69
Denmark,DNK,1990,3.2
Denmark,DNK,1991,2.91
Denmark,DNK,1992,4.44
Denmark,DNK,1993,4.77
Denmark,DNK,1994,4.31
Denmark,DNK,1995,5.08
Denmark,DNK,1996,3.9
Denmark,DNK,1997,6.64
Denmark,DNK,1998,9.6
Denmark,DNK,1999,11.31
Denmark,DNK,2000,15.54
Denmark,DNK,2001,15.58
Denmark,DNK,2002,17.37
Denmark,DNK,2003,17.55
Denmark,DNK,2004,23.68
Denmark,DNK,2005,27.16
Denmark,DNK,2006,20.22
Denmark,DNK,2007,26.32
Denmark,DNK,2008,27.69
Denmark,DNK,2009,27.78
Denmark,DNK,2010,32.08
Denmark,DNK,2011,40.36
Denmark,DNK,2012,48.54
Denmark,DNK,2013,46.11
Denmark,DNK,2014,56.15
Denmark,DNK,2015,65.77
Denmark,DNK,2016,60.49
Denmark,DNK,2017,70.55
Denmark,DNK,2018,68.69
Denmark,DNK,2019,78.55
Denmark,DNK,2020,82.05
Denmark,DNK,2021,79.28
Denmark,DNK,2022,80.86
Denmark,DNK,2023,86.45
Denmark,DNK,2024,89.23
Estonia,EST,1990,0.0
Estonia,EST,1991,0.0
Estonia,EST,1992,0.0
Estonia,EST,1993,0.0
Estonia,EST,1994,0.0
Estonia,EST,1995,0.12
Estonia,EST,1996,0.0
Estonia,EST,1997,0.11
Estonia,EST,1998,0.12
Estonia,EST,1999,0.12
Estonia,EST,2000,0.12
Estonia,EST,2001,0.24
Estonia,EST,2002,0.35
Estonia,EST,2003,0.49
Estonia,EST,2004,0.58
Estonia,EST,2005,1.08
Estonia,EST,2006,1.34
Estonia,EST,2007,1.15
Estonia,EST,2008,1.89
Estonia,EST,2009,6.15
Estonia,EST,2010,8.1
Estonia,EST,2011,9.15
Estonia,EST,2012,12.29
Estonia,EST,2013,9.26
Estonia,EST,2014,11.16
Estonia,EST,2015,15.37
Estonia,EST,2016,13.06
Estonia,EST,2017,14.13
Estonia,EST,2018,16.09
Estonia,EST,2019,28.12
Estonia,EST,2020,48.85
Estonia,EST,2021,39.92
Estonia,EST,2022,31.99
Estonia,EST,2023,49.74
Estonia,EST,2024,55.65
EU,,1990,45.83
EU,,1991,46.36
EU,,1992,47.33
EU,,1993,48.75
EU,,1994,48.43
EU,,1995,48.03
EU,,1996,48.11
EU,,1997,48.64
EU,,1998,48.16
EU,,1999,48.34
EU,,2000,48.31
EU,,2001,49.1
EU,,2002,47.48
EU,,2003,46.59
EU,,2004,47.73
EU,,2005,47.13
EU,,2006,47.12
EU,,2007,46.42
EU,,2008,48.16
EU,,2009,49.71
EU,,2010,51.17
EU,,2011,51.01
EU,,2012,53.07
EU,,2013,55.94
EU,,2014,58.42
EU,,2015,57.23
EU,,2016,56.69
EU,,2017,55.89
EU,,2018,58.56
EU,,2019,60.68
EU,,2020,63.32
EU,,2021,62.9
EU,,2022,60.81
EU,,2023,68.03
EU,,2024,71.36
Finland,FIN,1990,64.83
Finland,FIN,1991,65.06
Finland,FIN,1992,68.15
Finland,FIN,1993,64.48
Finland,FIN,1994,57.45
Finland,FIN,1995,60.58
Finland,FIN,1996,53.73
Finland,FIN,1997,59.38
Finland,FIN,1998,65.97
Finland,FIN,1999,63.61
Finland,FIN,2000,65.54
Finland,FIN,2001,59.52
Finland,FIN,2002,56.23
Finland,FIN,2003,49.58
Finland,FIN,2004,56.33
Finland,FIN,2005,66.23
Finland,FIN,2006,55.13
Finland,FIN,2007,58.81
Finland,FIN,2008,65.59
Finland,FIN,2009,62.77
Finland,FIN,2010,58.26
Finland,FIN,2011,64.45
Finland,FIN,2012,73.21
Finland,FIN,2013,69.1
Finland,FIN,2014,73.22
Finland,FIN,2015,78.39
Finland,FIN,2016,77.98
Finland,FIN,2017,79.9
Finland,FIN,2018,78.21
Finland,FIN,2019,81.26
Finland,FIN,2020,85.53
Finland,FIN,2021,85.67
Finland,FIN,2022,88.68
Finland,FIN,2023,93.95
Finland,FIN,2024,95.33
France,FRA,1990,88.62
France,FRA,1991,86.55
France,FRA,1992,88.99
France,FRA,1993,92.61
France,FRA,1994,92.88
France,FRA,1995,92.13
France,FRA,1996,91.46
France,FRA,1997,92.18
France,FRA,1998,89.23
France,FRA,1999,90.07
France,FRA,2000,90.69
France,FRA,2001,91.63
France,FRA,2002,90.6
France,FRA,2003,89.88
France,FRA,2004,90.17
France,FRA,2005,89.0
France,FRA,2006,90.09
France,FRA,2007,89.71
France,FRA,2008,90.26
France,FRA,2009,90.36
France,FRA,2010,89.84
France,FRA,2011,89.56
France,FRA,2012,89.97
France,FRA,2013,90.7
France,FRA,2014,93.68
France,FRA,2015,92.18
France,FRA,2016,89.86
France,FRA,2017,88.22
France,FRA,2018,91.42
France,FRA,2019,90.52
France,FRA,2020,90.82
France,FRA,2021,91.12
France,FRA,2022,87.11
France,FRA,2023,92.06
France,FRA,2024,94.88
Germany,DEU,1990,31.64
Germany,DEU,1991,30.64
Germany,DEU,1992,33.45
Germany,DEU,1993,33.38
Germany,DEU,1994,33.42
Germany,DEU,1995,33.73
Germany,DEU,1996,34.03
Germany,DEU,1997,35.39
Germany,DEU,1998,33.96
Germany,DEU,1999,36.18
Germany,DEU,2000,36.03
Germany,DEU,2001,36.13
Germany,DEU,2002,35.86
Germany,DEU,2003,35.17
Germany,DEU,2004,36.92
Germany,DEU,2005,36.93
Germany,DEU,2006,38.06
Germany,DEU,2007,36.44
Germany,DEU,2008,38.41
Germany,DEU,2009,39.29
Germany,DEU,2010,39.41
Germany,DEU,2011,38.41
Germany,DEU,2012,39.18
Germany,DEU,2013,39.58
Germany,DEU,2014,41.87
Germany,DEU,2015,43.8
Germany,DEU,2016,42.67
Germany,DEU,2017,45.31
Germany,DEU,2018,47.28
Germany,DEU,2019,52.7
Germany,DEU,2020,55.73
Germany,DEU,2021,52.11
Germany,DEU,2022,50.5
Germany,DEU,2023,55.85
Germany,DEU,2024,58.39
Greece,GRC,1990,5.18
Greece,GRC,1991,8.81
Greece,GRC,1992,6.01
Greece,GRC,1993,6.18
Greece,GRC,1994,6.6
Greece,GRC,1995,8.7
Greece,GRC,1996,10.41
Greece,GRC,1997,9.16
Greece,GRC,1998,8.29
Greece,GRC,1999,9.72
Greece,GRC,2000,7.82
Greece,GRC,2001,5.6
Greece,GRC,2002,6.71
Greece,GRC,2003,10.28
Greece,GRC,2004,10.15
Greece,GRC,2005,10.91
Greece,GRC,2006,12.91
Greece,GRC,2007,7.36
Greece,GRC,2008,9.25
Greece,GRC,2009,13.52
Greece,GRC,2010,18.6
Greece,GRC,2011,13.94
Greece,GRC,2012,16.91
Greece,GRC,2013,25.47
Greece,GRC,2014,24.55
Greece,GRC,2015,29.09
Greece,GRC,2016,27.66
Greece,GRC,2017,25.18
Greece,GRC,2018,30.68
Greece,GRC,2019,33.58
Greece,GRC,2020,36.94
Greece,GRC,2021,40.8
Greece,GRC,2022,43.45
Greece,GRC,2023,49.72
Greece,GRC,2024,49.14
Hungary,HUN,1990,48.98
Hungary,HUN,1991,46.53
Hungary,HUN,1992,44.73
Hungary,HUN,1993,42.57
Hungary,HUN,1994,42.54
Hungary,HUN,1995,41.89
Hungary,HUN,1996,41.15
Hungary,HUN,1997,40.23
Hungary,HUN,1998,38.09
Hungary,HUN,1999,37.91
Hungary,HUN,2000,40.98
Hungary,HUN,2001,39.51
Hungary,HUN,2002,39.23
Hungary,HUN,2003,33.23
Hungary,HUN,2004,38.12
Hungary,HUN,2005,43.92
Hungary,HUN,2006,41.7
Hungary,HUN,2007,41.44
Hungary,HUN,2008,42.9
Hungary,HUN,2009,51.02
Hungary,HUN,2010,50.27
Hungary,HUN,2011,51.08
Hungary,HUN,2012,53.24
Hungary,HUN,2013,59.96
Hungary,HUN,2014,64.0
Hungary,HUN,2015,62.81
Hungary,HUN,2016,60.54
Hungary,HUN,2017,59.48
Hungary,HUN,2018,60.84
Hungary,HUN,2019,61.23
Hungary,HUN,2020,61.8
Hungary,HUN,2021,63.43
Hungary,HUN,2022,65.6
Hungary,HUN,2023,71.17
Hungary,HUN,2024,73.62
Ireland,IRL,1990,4.93
Ireland,IRL,1991,5.03
Ireland,IRL,1992,5.27
Ireland,IRL,1993,4.84
Ireland,IRL,1994,5.6
Ireland,IRL,1995,4.15
Ireland,IRL,1996,4.03
Ireland,IRL,1997,4.12
Ireland,IRL,1998,5.66
Ireland,IRL,1999,5.2
Ireland,IRL,2000,5.0
Ireland,IRL,2001,4.19
Ireland,IRL,2002,5.56
Ireland,IRL,2003,4.59
Ireland,IRL,2004,5.52
Ireland,IRL,2005,7.31
Ireland,IRL,2006,9.12
Ireland,IRL,2007,9.92
Ireland,IRL,2008,12.04
Ireland,IRL,2009,14.75
Ireland,IRL,2010,13.23
Ireland,IRL,2011,20.01
Ireland,IRL,2012,19.38
Ireland,IRL,2013,22.04
Ireland,IRL,2014,24.79
Ireland,IRL,2015,28.02
Ireland,IRL,2016,24.87
Ireland,IRL,2017,28.96
Ireland,IRL,2018,33.01
Ireland,IRL,2019,38.39
Ireland,IRL,2020,42.1
Ireland,IRL,2021,36.73
Ireland,IRL,2022,38.89
Ireland,IRL,2023,44.82
Ireland,IRL,2024,46.03
Italy,ITA,1990,16.37
Italy,ITA,1991,20.84
Italy,ITA,1992,20.55
Italy,ITA,1993,20.58
Italy,ITA,1994,21.09
Italy,ITA,1995,17.47
Italy,ITA,1996,19.31
Italy,ITA,1997,18.74
Italy,ITA,1998,18.32
Italy,ITA,1999,19.8
Italy,ITA,2000,18.84
Italy,ITA,2001,19.99
Italy,ITA,2002,17.41
Italy,ITA,2003,16.37
Italy,ITA,2004,18.34
Italy,ITA,2005,16.44
Italy,ITA,2006,16.57
Italy,ITA,2007,15.59
Italy,ITA,2008,18.67
Italy,ITA,2009,24.19
Italy,ITA,2010,25.95
Italy,ITA,2011,27.8
Italy,ITA,2012,31.23
Italy,ITA,2013,39.16
Italy,ITA,2014,43.64
Italy,ITA,2015,38.93
Italy,ITA,2016,37.77
Italy,ITA,2017,35.57
Italy,ITA,2018,40.0
Italy,ITA,2019,39.94
Italy,ITA,2020,42.23
Italy,ITA,2021,40.75
Italy,ITA,2022,35.86
Italy,ITA,2023,44.54
Italy,ITA,2024,50.16
Kosovo,XKX,2000,1.69
Kosovo,XKX,2001,1.34
Kosovo,XKX,2002,1.35
Kosovo,XKX,2003,1.38
Kosovo,XKX,2004,2.7
Kosovo,XKX,2005,2.47
Kosovo,XKX,2006,2.26
Kosovo,XKX,2007,1.86
Kosovo,XKX,2008,1.55
Kosovo,XKX,2009,2.41
Kosovo,XKX,2010,3.09
Kosovo,XKX,2011,1.72
Kosovo,XKX,2012,1.68
Kosovo,XKX,2013,2.15
Kosovo,XKX,2014,2.76
Kosovo,XKX,2015,2.29
Kosovo,XKX,2016,4.18
Kosovo,XKX,2017,3.04
Kosovo,XKX,2018,5.08
Kosovo,XKX,2019,4.88
Kosovo,XKX,2020,5.37
Kosovo,XKX,2021,6.51
Kosovo,XKX,2022,6.51
Kosovo,XKX,2023,8.88
Kosovo,XKX,2024,4.92
Latvia,LVA,1990,67.67
Latvia,LVA,1991,58.05
Latvia,LVA,1992,65.63
Latvia,LVA,1993,73.28
Latvia,LVA,1994,74.55
Latvia,LVA,1995,73.68
Latvia,LVA,1996,59.62
Latvia,LVA,1997,65.41
Latvia,LVA,1998,74.48
Latvia,LVA,1999,67.15
Latvia,LVA,2000,68.12
Latvia,LVA,2001,66.28
Latvia,LVA,2002,62.47
Latvia,LVA,2003,58.94
Latvia,LVA,2004,68.23
Latvia,LVA,2005,69.51
Latvia,LVA,2006,57.06
Latvia,LVA,2007,59.24
Latvia,LVA,2008,60.91
Latvia,LVA,2009,63.91
Latvia,LVA,2010,54.9
Latvia,LVA,2011,50.57
Latvia,LVA,2012,66.61
Latvia,LVA,2013,56.94
Latvia,LVA,2014,54.47
Latvia,LVA,2015,50.18
Latvia,LVA,2016,54.21
Latvia,LVA,2017,72.51
Latvia,LVA,2018,51.93
Latvia,LVA,2019,49.53
Latvia,LVA,2020,63.64
Latvia,LVA,2021,63.59
Latvia,LVA,2022,75.94
Latvia,LVA,2023,77.71
Latvia,LVA,2024,73.42
Lithuania,LTU,1990,61.41
Lithuania,LTU,1991,59.04
Lithuania,LTU,1992,80.59
Lithuania,LTU,1993,90.81
Lithuania,LTU,1994,83.61
Lithuania,LTU,1995,90.16
Lithuania,LTU,1996,87.87
Lithuania,LTU,1997,85.62
Lithuania,LTU,1998,81.46
Lithuania,LTU,1999,78.52
Lithuania,LTU,2000,78.71
Lithuania,LTU,2001,81.41
Lithuania,LTU,2002,83.81
Lithuania,LTU,2003,84.01
Lithuania,LTU,2004,82.83
Lithuania,LTU,2005,74.9
Lithuania,LTU,2006,75.23
Lithuania,LTU,2007,77.34
Lithuania,LTU,2008,78.69
Lithuania,LTU,2009,78.76
Lithuania,LTU,2010,18.2
Lithuania,LTU,2011,26.12
Lithuania,LTU,2012,26.22
Lithuania,LTU,2013,36.52
Lithuania,LTU,2014,40.92
Lithuania,LTU,2015,39.72
Lithuania,LTU,2016,57.85
Lithuania,LTU,2017,71.07
Lithuania,LTU,2018,75.34
Lithuania,LTU,2019,73.95
Lithuania,LTU,2020,54.68
Lithuania,LTU,2021,60.93
Lithuania,LTU,2022,74.75
Lithuania,LTU,2023,83.49
Lithuania,LTU,2024,84.11
Luxembourg,LUX,1990,12.9
Luxembourg,LUX,1991,12.86
Luxembourg,LUX,1992,12.12
Luxembourg,LUX,1993,11.94
Luxembourg,LUX,1994,18.64
Luxembourg,LUX,1995,22.45
Luxembourg,LUX,1996,17.78
Luxembourg,LUX,1997,24.39
Luxembourg,LUX,1998,40.54
Luxembourg,LUX,1999,36.11
Luxembourg,LUX,2000,40.0
Luxembourg,LUX,2001,19.54
Luxembourg,LUX,2002,5.36
Luxembourg,LUX,2003,5.02
Luxembourg,LUX,2004,5.64
Luxembourg,LUX,2005,6.27
Luxembourg,LUX,2006,7.06
Luxembourg,LUX,2007,8.15
Luxembourg,LUX,2008,10.29
Luxembourg,LUX,2009,8.57
Luxembourg,LUX,2010,8.33
Luxembourg,LUX,2011,9.09
Luxembourg,LUX,2012,11.23
Luxembourg,LUX,2013,19.57
Luxembourg,LUX,2014,20.94
Luxembourg,LUX,2015,32.09
Luxembourg,LUX,2016,58.23
Luxembourg,LUX,2017,66.67
Luxembourg,LUX,2018,70.83
Luxembourg,LUX,2019,74.77
Luxembourg,LUX,2020,79.51
Luxembourg,LUX,2021,80.49
Luxembourg,LUX,2022,85.95
Luxembourg,LUX,2023,89.29
Luxembourg,LUX,2024,90.67
Malta,MLT,1990,0.0
Malta,MLT,1991,0.0
Malta,MLT,1992,0.0
Malta,MLT,1993,0.0
Malta,MLT,1994,0.0
Malta,MLT,1995,0.0
Malta,MLT,1996,0.0
Malta,MLT,1997,0.0
Malta,MLT,1998,0.0
Malta,MLT,1999,0.0
Malta,MLT,2000,0.0
Malta,MLT,2001,0.0
Malta,MLT,2002,0.0
Malta,MLT,2003,0.0
Malta,MLT,2004,0.0
Malta,MLT,2005,0.0
Malta,MLT,2006,0.0
Malta,MLT,2007,0.0
Malta,MLT,2008,0.0
Malta,MLT,2009,0.0
Malta,MLT,2010,0.0
Malta,MLT,2011,0.0
Malta,MLT,2012,1.3
Malta,MLT,2013,1.77
Malta,MLT,2014,3.56
Malta,MLT,2015,7.69
Malta,MLT,2016,16.28
Malta,MLT,2017,10.3
Malta,MLT,2018,10.15
Malta,MLT,2019,10.14
Malta,MLT,2020,11.63
Malta,MLT,2021,12.16
Malta,MLT,2022,13.04
Malta,MLT,2023,13.62
Malta,MLT,2024,15.53
Montenegro,MNE,2005,65.16
Montenegro,MNE,2006,59.32
Montenegro,MNE,2007,59.81
Montenegro,MNE,2008,54.42
Montenegro,MNE,2009,75.0
Montenegro,MNE,2010,68.41
Montenegro,MNE,2011,45.28
Montenegro,MNE,2012,51.93
Montenegro,MNE,2013,63.45
Montenegro,MNE,2014,55.21
Montenegro,MNE,2015,49.67
Montenegro,MNE,2016,58.6
Montenegro,MNE,2017,45.16
Montenegro,MNE,2018,59.21
Montenegro,MNE,2019,56.27
Montenegro,MNE,2020,52.21
Montenegro,MNE,2021,61.8
Montenegro,MNE,2022,53.17
Montenegro,MNE,2023,61.14
Montenegro,MNE,2024,60.27
Netherlands,NLD,1990,6.11
Netherlands,NLD,1991,5.82
Netherlands,NLD,1992,6.33
Netherlands,NLD,1993,6.66
Netherlands,NLD,1994,6.68
Netherlands,NLD,1995,6.81
Netherlands,NLD,1996,7.11
Netherlands,NLD,1997,5.19
Netherlands,NLD,1998,6.86
Netherlands,NLD,1999,7.44
Netherlands,NLD,2000,7.84
Netherlands,NLD,2001,7.91
Netherlands,NLD,2002,8.34
Netherlands,NLD,2003,8.36
Netherlands,NLD,2004,9.14
Netherlands,NLD,2005,11.63
Netherlands,NLD,2006,11.82
Netherlands,NLD,2007,11.37
Netherlands,NLD,2008,12.9
Netherlands,NLD,2009,13.42
Netherlands,NLD,2010,12.84
Netherlands,NLD,2011,14.61
Netherlands,NLD,2012,16.02
Netherlands,NLD,2013,14.91
Netherlands,NLD,2014,15.42
Netherlands,NLD,2015,16.3
Netherlands,NLD,2016,16.44
Netherlands,NLD,2017,17.95
Netherlands,NLD,2018,19.8
Netherlands,NLD,2019,22.25
Netherlands,NLD,2020,30.19
Netherlands,NLD,2021,36.57
Netherlands,NLD,2022,43.48
Netherlands,NLD,2023,50.78
Netherlands,NLD,2024,53.73
North Macedonia,MKD,1990,8.52
North Macedonia,MKD,1991,14.73
North Macedonia,MKD,1992,14.0
North Macedonia,MKD,1993,10.04
North Macedonia,MKD,1994,11.62
North Macedonia,MKD,1995,13.05
North Macedonia,MKD,1996,12.8
North Macedonia,MKD,1997,13.37
North Macedonia,MKD,1998,15.32
North Macedonia,MKD,1999,20.26
North Macedonia,MKD,2000,17.18
North Macedonia,MKD,2001,9.89
North Macedonia,MKD,2002,12.48
North Macedonia,MKD,2003,20.36
North Macedonia,MKD,2004,22.22
North Macedonia,MKD,2005,21.47
North Macedonia,MKD,2006,23.54
North Macedonia,MKD,2007,15.54
North Macedonia,MKD,2008,13.31
North Macedonia,MKD,2009,18.62
North Macedonia,MKD,2010,33.47
North Macedonia,MKD,2011,21.15
North Macedonia,MKD,2012,16.61
North Macedonia,MKD,2013,26.11
North Macedonia,MKD,2014,23.98
North Macedonia,MKD,2015,35.93
North Macedonia,MKD,2016,36.77
North Macedonia,MKD,2017,23.04
North Macedonia,MKD,2018,34.94
North Macedonia,MKD,2019,22.83
North Macedonia,MKD,2020,27.72
North Macedonia,MKD,2021,29.84
North Macedonia,MKD,2022,27.1
North Macedonia,MKD,2023,32.27
North Macedonia,MKD,2024,33.1
Norway,NOR,1990,99.79
Norway,NOR,1991,99.8
Norway,NOR,1992,99.82
Norway,NOR,1993,99.8
Norway,NOR,1994,99.64
Norway,NOR,1995,99.66
Norway,NOR,1996,99.5
Norway,NOR,1997,99.57
Norway,NOR,1998,99.62
Norway,NOR,1999,99.56
Norway,NOR,2000,99.71
Norway,NOR,2001,99.52
Norway,NOR,2002,99.59
Norway,NOR,2003,99.4
Norway,NOR,2004,99.36
Norway,NOR,2005,99.47
Norway,NOR,2006,99.32
Norway,NOR,2007,99.14
Norway,NOR,2008,99.41
Norway,NOR,2009,96.57
Norway,NOR,2010,95.79
Norway,NOR,2011,96.81
Norway,NOR,2012,98.23
Norway,NOR,2013,97.96
Norway,NOR,2014,97.91
Norway,NOR,2015,97.95
Norway,NOR,2016,98.05
Norway,NOR,2017,98.12
Norway,NOR,2018,98.02
Norway,NOR,2019,97.94
Norway,NOR,2020,98.52
Norway,NOR,2021,99.32
Norway,NOR,2022,98.65
Norway,NOR,2023,98.47
Norway,NOR,2024,98.39
Poland,POL,1990,1.11
Poland,POL,1991,1.13
Poland,POL,1992,1.24
Poland,POL,1993,1.18
Poland,POL,1994,1.34
Poland,POL,1995,1.43
Poland,POL,1996,1.46
Poland,POL,1997,1.51
Poland,POL,1998,1.8
Poland,POL,1999,1.67
Poland,POL,2000,1.63
Poland,POL,2001,1.93
Poland,POL,2002,1.94
Poland,POL,2003,1.5
Poland,POL,2004,2.1
Poland,POL,2005,2.48
Poland,POL,2006,2.67
Poland,POL,2007,3.43
Poland,POL,2008,4.28
Poland,POL,2009,5.76
Poland,POL,2010,6.94
Poland,POL,2011,8.06
Poland,POL,2012,10.45
Poland,POL,2013,10.42
Poland,POL,2014,12.54
Poland,POL,2015,13.81
Poland,POL,2016,13.74
Poland,POL,2017,14.2
Poland,POL,2018,12.76
Poland,POL,2019,15.6
Poland,POL,2020,17.96
Poland,POL,2021,17.09
Poland,POL,2022,21.1
Poland,POL,2023,27.24
Poland,POL,2024,30.72
Portugal,PRT,1990,34.7
Portugal,PRT,1991,33.11
Portugal,PRT,1992,18.62
Portugal,PRT,1993,30.58
Portugal,PRT,1994,37.37
Portugal,PRT,1995,28.5
Portugal,PRT,1996,46.14
Portugal,PRT,1997,41.99
Portugal,PRT,1998,36.52
Portugal,PRT,1999,20.17
Portugal,PRT,2000,29.78
Portugal,PRT,2001,34.17
Portugal,PRT,2002,21.36
Portugal,PRT,2003,38.15
Portugal,PRT,2004,27.55
Portugal,PRT,2005,17.93
Portugal,PRT,2006,32.48
Portugal,PRT,2007,34.7
Portugal,PRT,2008,32.29
Portugal,PRT,2009,37.04
Portugal,PRT,2010,53.01
Portugal,PRT,2011,46.56
Portugal,PRT,2012,42.63
Portugal,PRT,2013,58.53
Portugal,PRT,2014,60.95
Portugal,PRT,2015,47.63
Portugal,PRT,2016,54.7
Portugal,PRT,2017,39.21
Portugal,PRT,2018,50.4
Portugal,PRT,2019,53.12
Portugal,PRT,2020,58.59
Portugal,PRT,2021,64.08
Portugal,PRT,2022,59.59
Portugal,PRT,2023,74.5
Portugal,PRT,2024,85.21
Romania,ROU,1990,17.74
Romania,ROU,1991,25.69
Romania,ROU,1992,21.66
Romania,ROU,1993,23.07
Romania,ROU,1994,23.71
Romania,ROU,1995,28.26
Romania,ROU,1996,28.1
Romania,ROU,1997,40.41
Romania,ROU,1998,45.67
Romania,ROU,1999,46.54
Romania,ROU,2000,39.26
Romania,ROU,2001,38.04
Romania,ROU,2002,39.62
Romania,ROU,2003,33.13
Romania,ROU,2004,39.06
Romania,ROU,2005,43.44
Romania,ROU,2006,38.35
Romania,ROU,2007,38.53
Romania,ROU,2008,43.86
Romania,ROU,2009,47.4
Romania,ROU,2010,52.83
Romania,ROU,2011,45.42
Romania,ROU,2012,45.1
Romania,ROU,2013,54.6
Romania,ROU,2014,59.77
Romania,ROU,2015,57.61
Romania,ROU,2016,59.58
Romania,ROU,2017,56.34
Romania,ROU,2018,58.64
Romania,ROU,2019,61.11
Romania,ROU,2020,65.35
Romania,ROU,2021,64.24
Romania,ROU,2022,63.41
Romania,ROU,2023,69.45
Romania,ROU,2024,67.2
Serbia,SRB,1990,19.22
Serbia,SRB,1991,25.4
Serbia,SRB,1992,26.73
Serbia,SRB,1993,26.9
Serbia,SRB,1994,28.94
Serbia,SRB,1995,30.76
Serbia,SRB,1996,35.53
Serbia,SRB,1997,29.84
Serbia,SRB,1998,29.29
Serbia,SRB,1999,36.13
Serbia,SRB,2000,30.74
Serbia,SRB,2001,30.37
Serbia,SRB,2002,29.87
Serbia,SRB,2003,25.51
Serbia,SRB,2004,28.56
Serbia,SRB,2005,31.82
Serbia,SRB,2006,28.85
Serbia,SRB,2007,26.3
Serbia,SRB,2008,25.96
Serbia,SRB,2009,27.95
Serbia,SRB,2010,31.77
Serbia,SRB,2011,22.8
Serbia,SRB,2012,25.7
Serbia,SRB,2013,26.05
Serbia,SRB,2014,32.98
Serbia,SRB,2015,26.9
Serbia,SRB,2016,28.13
Serbia,SRB,2017,25.49
Serbia,SRB,2018,29.72
Serbia,SRB,2019,28.51
Serbia,SRB,2020,27.33
Serbia,SRB,2021,33.5
Serbia,SRB,2022,28.19
Serbia,SRB,2023,34.69
Serbia,SRB,2024,31.23
Slovakia,SVK,1990,54.61
Slovakia,SVK,1991,54.0
Slovakia,SVK,1992,55.9
Slovakia,SVK,1993,62.2
Slovakia,SVK,1994,66.59
Slovakia,SVK,1995,61.75
Slovakia,SVK,1996,60.8
Slovakia,SVK,1997,60.42
Slovakia,SVK,1998,60.86
Slovakia,SVK,1999,62.58
Slovakia,SVK,2000,68.55
Slovakia,SVK,2001,69.7
Slovakia,SVK,2002,72.62
Slovakia,SVK,2003,69.21
Slovakia,SVK,2004,69.47
Slovakia,SVK,2005,71.51
Slovakia,SVK,2006,73.02
Slovakia,SVK,2007,72.75
Slovakia,SVK,2008,74.11
Slovakia,SVK,2009,73.27
Slovakia,SVK,2010,74.73
Slovakia,SVK,2011,72.17
Slovakia,SVK,2012,74.06
Slovakia,SVK,2013,77.47
Slovakia,SVK,2014,80.13
Slovakia,SVK,2015,79.64
Slovakia,SVK,2016,79.85
Slovakia,SVK,2017,78.85
Slovakia,SVK,2018,77.46
Slovakia,SVK,2019,77.74
Slovakia,SVK,2020,78.18
Slovakia,SVK,2021,75.76
Slovakia,SVK,2022,81.91
Slovakia,SVK,2023,84.8
Slovakia,SVK,2024,85.81
Slovenia,SVN,1990,60.85
Slovenia,SVN,1991,67.19
Slovenia,SVN,1992,59.89
Slovenia,SVN,1993,58.58
Slovenia,SVN,1994,62.14
Slovenia,SVN,1995,62.25
Slovenia,SVN,1996,63.75
Slovenia,SVN,1997,61.53
Slovenia,SVN,1998,61.88
Slovenia,SVN,1999,63.88
Slovenia,SVN,2000,63.63
Slovenia,SVN,2001,63.05
Slovenia,SVN,2002,61.23
Slovenia,SVN,2003,59.94
Slovenia,SVN,2004,63.33
Slovenia,SVN,2005,62.54
Slovenia,SVN,2006,61.22
Slovenia,SVN,2007,60.37
Slovenia,SVN,2008,64.47
Slovenia,SVN,2009,64.92
Slovenia,SVN,2010,64.02
Slovenia,SVN,2011,63.44
Slovenia,SVN,2012,63.41
Slovenia,SVN,2013,65.89
Slovenia,SVN,2014,75.63
Slovenia,SVN,2015,67.57
Slovenia,SVN,2016,66.42
Slovenia,SVN,2017,66.85
Slovenia,SVN,2018,68.24
Slovenia,SVN,2019,68.34
Slovenia,SVN,2020,70.63
Slovenia,SVN,2021,71.52
Slovenia,SVN,2022,72.46
Slovenia,SVN,2023,76.53
Slovenia,SVN,2024,76.06
Spain,ESP,1990,53.12
Spain,ESP,1991,53.9
Spain,ESP,1992,48.12
Spain,ESP,1993,52.34
Spain,ESP,1994,52.67
Spain,ESP,1995,48.37
Spain,ESP,1996,56.34
Spain,ESP,1997,48.79
Spain,ESP,1998,49.58
Spain,ESP,1999,41.85
Spain,ESP,2000,43.77
Spain,ESP,2001,48.49
Spain,ESP,2002,40.09
Spain,ESP,2003,45.72
Spain,ESP,2004,41.12
Spain,ESP,2005,34.48
Spain,ESP,2006,37.99
Spain,ESP,2007,37.57
Spain,ESP,2008,39.1
Spain,ESP,2009,43.63
Spain,ESP,2010,53.65
Spain,ESP,2011,49.82
Spain,ESP,2012,50.5
Spain,ESP,2013,59.74
Spain,ESP,2014,61.06
Spain,ESP,2015,55.66
Spain,ESP,2016,60.31
Spain,ESP,2017,53.59
Spain,ESP,2018,58.82
Spain,ESP,2019,58.9
Spain,ESP,2020,66.32
Spain,ESP,2021,67.34
Spain,ESP,2022,63.21
Spain,ESP,2023,71.96
Spain,ESP,2024,76.8
Sweden,SWE,1990,97.71
Sweden,SWE,1991,96.53
Sweden,SWE,1992,95.87
Sweden,SWE,1993,95.19
Sweden,SWE,1994,94.3
Sweden,SWE,1995,94.74
Sweden,SWE,1996,91.22
Sweden,SWE,1997,95.14
Sweden,SWE,1998,95.52
Sweden,SWE,1999,95.54
Sweden,SWE,2000,96.72
Sweden,SWE,2001,96.18
Sweden,SWE,2002,94.93
Sweden,SWE,2003,93.18
Sweden,SWE,2004,96.11
Sweden,SWE,2005,96.99
Sweden,SWE,2006,96.34
Sweden,SWE,2007,97.03
Sweden,SWE,2008,96.93
Sweden,SWE,2009,96.62
Sweden,SWE,2010,94.25
Sweden,SWE,2011,96.19
Sweden,SWE,2012,97.54
Sweden,SWE,2013,97.46
Sweden,SWE,2014,98.09
Sweden,SWE,2015,98.06
Sweden,SWE,2016,97.65
Sweden,SWE,2017,97.89
Sweden,SWE,2018,97.76
Sweden,SWE,2019,98.01
Sweden,SWE,2020,98.51
Sweden,SWE,2021,98.22
Sweden,SWE,2022,98.34
Sweden,SWE,2023,98.6
Sweden,SWE,2024,98.79
Switzerland,CHE,2000,96.99
Switzerland,CHE,2001,97.13
Switzerland,CHE,2002,96.82
Switzerland,CHE,2003,96.74
Switzerland,CHE,2004,96.63
Switzerland,CHE,2005,96.25
Switzerland,CHE,2006,96.49
Switzerland,CHE,2007,96.94
Switzerland,CHE,2008,97.0
Switzerland,CHE,2009,97.08
Switzerland,CHE,2010,96.61
Switzerland,CHE,2011,96.58
Switzerland,CHE,2012,96.83
Switzerland,CHE,2013,97.04
Switzerland,CHE,2014,97.36
Switzerland,CHE,2015,97.18
Switzerland,CHE,2016,96.5
Switzerland,CHE,2017,96.66
Switzerland,CHE,2018,97.13
Switzerland,CHE,2019,97.31
Switzerland,CHE,2020,97.27
Switzerland,CHE,2021,97.27
Switzerland,CHE,2022,97.42
Switzerland,CHE,2023,98.46
Switzerland,CHE,2024,98.55
Türkiye,TUR,1990,40.37
Türkiye,TUR,1991,37.85
Türkiye,TUR,1992,39.63
Türkiye,TUR,1993,46.19
Türkiye,TUR,1994,39.22
Türkiye,TUR,1995,41.57
Türkiye,TUR,1996,42.94
Türkiye,TUR,1997,38.91
Türkiye,TUR,1998,38.34
Türkiye,TUR,1999,29.98
Türkiye,TUR,2000,25.05
Türkiye,TUR,2001,19.91
Türkiye,TUR,2002,26.44
Türkiye,TUR,2003,25.48
Türkiye,TUR,2004,30.92
Türkiye,TUR,2005,24.59
Türkiye,TUR,2006,25.26
Türkiye,TUR,2007,19.04
Türkiye,TUR,2008,17.35
Türkiye,TUR,2009,19.58
Türkiye,TUR,2010,26.39
Türkiye,TUR,2011,25.32
Türkiye,TUR,2012,27.23
Türkiye,TUR,2013,28.82
Türkiye,TUR,2014,20.89
Türkiye,TUR,2015,31.96
Türkiye,TUR,2016,32.89
Türkiye,TUR,2017,29.35
Türkiye,TUR,2018,32.26
Türkiye,TUR,2019,43.8
Türkiye,TUR,2020,42.16
Türkiye,TUR,2021,35.4
Türkiye,TUR,2022,41.91
Türkiye,TUR,2023,42.01
Türkiye,TUR,2024,45.61
Ukraine,UKR,1990,28.83
Ukraine,UKR,1991,31.01
Ukraine,UKR,1992,32.15
Ukraine,UKR,1993,37.29
Ukraine,UKR,1994,39.66
Ukraine,UKR,1995,41.17
Ukraine,UKR,1996,47.88
Ukraine,UKR,1997,49.84
Ukraine,UKR,1998,52.49
Ukraine,UKR,1999,50.06
Ukraine,UKR,2000,51.57
Ukraine,UKR,2001,50.91
Ukraine,UKR,2002,50.36
Ukraine,UKR,2003,50.22
Ukraine,UKR,2004,54.15
Ukraine,UKR,2005,54.27
Ukraine,UKR,2006,53.28
Ukraine,UKR,2007,52.49
Ukraine,UKR,2008,52.79
Ukraine,UKR,2009,54.74
Ukraine,UKR,2010,54.31
Ukraine,UKR,2011,52.03
Ukraine,UKR,2012,50.97
Ukraine,UKR,2013,50.58
Ukraine,UKR,2014,53.91
Ukraine,UKR,2015,57.88
Ukraine,UKR,2016,54.81
Ukraine,UKR,2017,61.8
Ukraine,UKR,2018,60.95
Ukraine,UKR,2019,61.55
Ukraine,UKR,2020,63.03
Ukraine,UKR,2021,68.96
Ukraine,UKR,2022,72.17
Ukraine,UKR,2023,69.78
Ukraine,UKR,2024,72.01
United Kingdom,GBR,1990,22.35
United Kingdom,GBR,1991,23.47
United Kingdom,GBR,1992,25.89
United Kingdom,GBR,1993,29.42
United Kingdom,GBR,1994,29.17
United Kingdom,GBR,1995,28.34
United Kingdom,GBR,1996,28.6
United Kingdom,GBR,1997,30.04
United Kingdom,GBR,1998,29.81
United Kingdom,GBR,1999,28.45
United Kingdom,GBR,2000,25.19
United Kingdom,GBR,2001,25.89
United Kingdom,GBR,2002,25.56
United Kingdom,GBR,2003,24.96
United Kingdom,GBR,2004,23.9
United Kingdom,GBR,2005,24.74
United Kingdom,GBR,2006,23.55
United Kingdom,GBR,2007,20.84
United Kingdom,GBR,2008,19.14
United Kingdom,GBR,2009,25.04
United Kingdom,GBR,2010,23.12
United Kingdom,GBR,2011,28.31
United Kingdom,GBR,2012,30.68
United Kingdom,GBR,2013,34.56
United Kingdom,GBR,2014,37.94
United Kingdom,GBR,2015,45.36
United Kingdom,GBR,2016,45.62
United Kingdom,GBR,2017,50.04
United Kingdom,GBR,2018,52.49
United Kingdom,GBR,2019,53.77
United Kingdom,GBR,2020,59.26
United Kingdom,GBR,2021,54.75
United Kingdom,GBR,2022,56.21
United Kingdom,GBR,2023,60.26
United Kingdom,GBR,2024,64.93
